ID,sceneId,X,Y,Z,scenename
npcID,场景id,x,y,z,场景名称
9991,7,67.688,10.77,113.706,普隆德拉
9992,13,78.16,12.66446,134.93,波利岛
9993,21,157.482,17.18,150.8348,伊斯鲁得
9994,19,136.7824,12.18987,105.9324,苏克拉特沙漠
9995,35,139.537,3.651608,171.5912,沙漠之桥
